Source,Event,Type,Link
ACPGBI,15th World Probiotics and Gut Health Conference,Conference,https://www.acpgbi.org.uk/events/1522/15th_world_probiotics_and_gut_health_conference
ACPGBI,16th International Conference on VLSI (VLSI 2025),Conference,https://www.acpgbi.org.uk/events/1490/16th_international_conference_on_vlsi_vlsi_2025
ACPGBI,"17th Global Digital Pharma, Clinical Trials and Drug Delivery Conference",Conference,https://www.acpgbi.org.uk/events/1477/17th_global_digital_pharma_clinical_trials_and_drug_delivery_conference
ACPGBI,"17th Global Digital Pharma, Clinical Trials and Drug Delivery Conference,",Conference,https://www.acpgbi.org.uk/events/1446/17th_global_digital_pharma_clinical_trials_and_drug_delivery_conference
ACPGBI,ACPGBI Colorectal Surgery Outside of the Operating Theatre Webinar,Webinar,https://www.acpgbi.org.uk/events/1610/acpgbi_colorectal_surgery_outside_of_the_operating_theatre_webinar
ACPGBI,International Conference on Biopolymers and Polymer Science,Conference,https://www.acpgbi.org.uk/events/1488/international_conference_on_biopolymers_and_polymer_science
ACPGBI,International Conference on Public Health and Health Care System,Conference,https://www.acpgbi.org.uk/events/1503/international_conference_on_public_health_and_health_care_system
ACPGBI,Joint London Chapter Winter Meeting. Sponsored by Medtronic,Conference,https://www.acpgbi.org.uk/events/1576/joint_london_chapter_winter_meeting_sponsored_by_medtronic
ACPGBI,The 5th International Pilonidal Conference at St Mark’s Hospital,Conference,https://www.acpgbi.org.uk/events/1494/the_5th_international_pilonidal_conference_at_st_marks_hospital
ACPGBI,"World Forum & Expo On Laser, Optics and Photonics 2025",Conference,https://www.acpgbi.org.uk/events/1410/world_forum__expo_on_laser_optics_and_photonics_2025
ASiT,ASiT Council Autumn Recruitment 2025/2026 - 10/11/2025,Event/Other,https://asit.org/news/2025/asit-council-autumn-recruitment-20252026
ASiT,ASiT Foundation Skills in Surgery Course 13th December 2025 - 13/12/2025,Course/Workshop,https://asit.org/events/2025/asit-foundation-skills-in-surgery-course-13th-december-2025
ASiT,ASiT Innovation Summit Prize Winners 2025 - 09/11/2025,Conference,https://asit.org/news/2025/asit-innovation-summit-prize-winners-2025
ASiT,ASiT Surgical Conference 2026 - 06/03/2026,Conference,https://asit.org/events/2026/asit-surgical-conference-2026
ASiT,PrepMedico: Official Higher Surgical Education Partner of ASiT - 16/11/2025,Exam Prep,https://asit.org/news/2025/prepmedico-official-higher-surgical-education-partner-of-asit
ASiT,Preparing for ST3 February 2026 - 14/02/2026,Exam Prep,https://asit.org/events/2026/preparing-for-st3-february-2026
BAPRAS Plastics,Advanced Emergency Trauma Course (ACTS),Course/Workshop,https://www.bapras.org.uk/professionals/training-and-education/courses-meetings-and-events/advanced-emergency-trauma-course
BAPRAS Plastics,BAPRAS Congress 2025,Conference,https://www.bapras.org.uk/professionals/training-and-education/bapras-events/bapras-congress-2025
BAPRAS Plastics,BAPRAS Nurses Education Day 2025,Event/Other,https://www.bapras.org.uk/professionals/training-and-education/bapras-events/bapras-congress-2025/bapras-nurses-day-2025
BAPRAS Plastics,MY Plastic Surgery Course – Essential Plastic Surgery Skills for Junior Doctors - January 2026,Course/Workshop,https://www.bapras.org.uk/professionals/training-and-education/my-plastic-surgery-course-essential-plastic-surgery-skills-for-junior-doctors---january-2026
BAPRAS Plastics,Norwich FRCS (Plast) Viva Course,Course/Workshop,https://www.bapras.org.uk/professionals/training-and-education/courses-meetings-and-events/norwich-frcs-(plast)-viva-course
BAPRAS Plastics,PLASTA CONGRESS 2025,Conference,https://www.bapras.org.uk/professionals/training-and-education/courses-meetings-and-events/plasta-congress-2025
BAPRAS Plastics,The 1st International Conference on Integrated Approaches to Combat Trauma (ACT),Conference,https://www.bapras.org.uk/professionals/training-and-education/courses-meetings-and-events/the-1st-international-conference-on-integrated-approaches-to-combat-trauma-(act)
BAUS (Urology),"13 Feb 2026 9:00AM – 5:00PM RSM Endourology Day Royal Society of Medicine, 1 Wimpole Street, London, W1G 0AE",Event/Other,https://www.baus.org.uk/professionals/events/4437/rsm_endourology_day
BAUS (Urology),"15 Jan 9:00AM – 16 Jan 5:00PM 2026 South Central Regional Meeting 2026 HMS Warrior and Princess Royal Gallery, Portsmouth Historic Dockyard, Portsmouth, PO1 3LJ",Conference,https://www.baus.org.uk/professionals/events/4528/south_central_regional_meeting_2026
BAUS (Urology),"15 Jun 9:00AM – 17 Jun 5:00PM 2026 BAUS 2026 Registration Olympia, London",Event/Other,https://www.baus.org.uk/professionals/events/4541/baus_2026_registration
BAUS (Urology),"15 Jun 9:00AM – 17 Jun 5:00PM 2026 BAUS Annual Scientific Meeting 2026 Olympia, London",Conference,https://www.baus.org.uk/professionals/events/4482/baus_annual_scientific_meeting_2026
BAUS (Urology),16 Feb 9:00AM – 17 Feb 4:30PM 2026 BSoT ST3 Interview Preparation Course 2026,Course/Workshop,https://www.baus.org.uk/professionals/events/4546/bsot_st3_interview_preparation_course_2026
BAUS (Urology),"17 Feb 2:00PM – 18 Feb 5:00PM 2026 Dartford Supine PCNL Training Course Darent Valley Hospital, Darenth Wood Road, Dartford DA2 8DA",Course/Workshop,https://www.baus.org.uk/professionals/events/4536/dartford_supine_pcnl_training_course
BAUS (Urology),"17 Jan 9:00AM – 24 Jan 5:00PM 2026 RSM Urology Winter Meeting La Plagne, France",Conference,https://www.baus.org.uk/professionals/events/4436/rsm_urology_winter_meeting
BAUS (Urology),"22 Jan 9:00AM – 23 Jan 5:00PM 2026 Welsh Urological Society 2026 Metropole Hotel and Spa, Temple Street, Llandrindod Wells, LD1 5DY",Event/Other,https://www.baus.org.uk/professionals/events/4530/welsh_urological_society_2026
BAUS (Urology),"23 Mar 2:00PM – 24 Mar 5:00PM 2026 Newcastle Ureteric Stricture & Metal Stent Cadaveric Course Newcastle Surgical Training Centre, Freeman Hospital, Freeman Road, High Heaton, Newcastle upon Tyne NE7 7DN",Course/Workshop,https://www.baus.org.uk/professionals/events/4533/newcastle_ureteric_stricture_metal_stent_cadaveric_course
BAUS (Urology),"3 Feb 9:00AM – 6 Feb 5:00PM 2026 Core Urology Course 2026 Jesus College, Jesus Lane, Cambridge CB5 8BL",Course/Workshop,https://www.baus.org.uk/professionals/events/4527/core_urology_course_2026
BAUS (Urology),"3 Jun 9:00AM – 5 Jun 5:00PM 2026 Challenges in Laparoscopy, Robotics & AI 2026",Event/Other,https://www.baus.org.uk/professionals/events/4520/challenges_in_laparoscopy_robotics_ai_2026
BAUS (Urology),"30 Jan 8:30AM – 31 Jan 5:30PM 2026 11th Paediatric Surgery VIVA Course St Thomas' Hospital, Westminster Bridge Road, London SE1 7EH",Course/Workshop,https://www.baus.org.uk/professionals/events/4529/11th_paediatric_surgery_viva_course
BAUS (Urology),"5 Feb 9:00AM – 6 Feb 5:00PM 2026 North West Regional Meeting 2026 Radisson Blu, Manchester Airport",Conference,https://www.baus.org.uk/professionals/events/4531/north_west_regional_meeting_2026
BAUS (Urology),About,Event/Other,https://www.baus.org.uk/about/default.aspx
BAUS (Urology),BAUS 80th Anniversary,Event/Other,https://www.baus.org.uk/museum/timeline?category=2266
BAUS (Urology),BAUS Business,Event/Other,https://www.baus.org.uk/professionals/baus_business/default.aspx
BAUS (Urology),BAUS Home,Event/Other,https://www.baus.org.uk/default.aspx
BAUS (Urology),BAUS Members Art Gallery,Event/Other,https://www.baus.org.uk/museum/timeline?category=371
BAUS (Urology),Become a Member,Event/Other,https://www.baus.org.uk/about/join/default.aspx
BAUS (Urology),"Clubs, Societies and Associates Room",Event/Other,https://www.baus.org.uk/museum/timeline/?category=93
BAUS (Urology),Contact Us,Event/Other,https://www.baus.org.uk/about/contact.aspx
BAUS (Urology),Cookie Policy,Event/Other,https://www.baus.org.uk/cookiepolicy.aspx
BAUS (Urology),Designed by LightMedia,Event/Other,http://www.light-media.co.uk/
BAUS (Urology),Diseases & Procedures Room,Event/Other,https://www.baus.org.uk/museum/timeline/?category=94
BAUS (Urology),Education & Professional Development,Event/Other,https://www.baus.org.uk/professionals/education/default.aspx
BAUS (Urology),"Equality, Diversity & Inclusion (Widening Participation)",Event/Other,https://www.baus.org.uk/professionals/equality_diversity_inclusivity.aspx
BAUS (Urology),Events,Event/Other,https://www.baus.org.uk/professionals/events
BAUS (Urology),Famous Clinicians Room,Event/Other,https://www.baus.org.uk/museum/timeline?category=349
BAUS (Urology),Find Us,Event/Other,https://www.baus.org.uk/about/find_us.aspx
BAUS (Urology),Find a Surgeon,Event/Other,https://www.baus.org.uk/patients/surgeons
BAUS (Urology),Getting It Right First Time (GIRFT),Event/Other,https://www.baus.org.uk/professionals/girft.aspx
BAUS (Urology),Glossary,Event/Other,https://www.baus.org.uk/patients/glossary/
BAUS (Urology),Governance & Trustees,Event/Other,https://www.baus.org.uk/about/governance/default.aspx
BAUS (Urology),Hall of Eponyms,Event/Other,https://www.baus.org.uk/museum/timeline?category=2261
BAUS (Urology),History of BAUS (in the Virtual Museum),Webinar,https://www.baus.org.uk/museum/58/the_birth_of_baus
BAUS (Urology),History of BAUS Room,Event/Other,https://www.baus.org.uk/museum/timeline?category=118
BAUS (Urology),Hospitals and Institutions Room,Event/Other,https://www.baus.org.uk/museum/timeline?category=153
BAUS (Urology),Instruments & Equipment Room,Event/Other,https://www.baus.org.uk/museum/timeline?category=113
BAUS (Urology),Journals,Event/Other,https://www.baus.org.uk/about/journals/default.aspx
BAUS (Urology),Junior Curators Room,Event/Other,https://www.baus.org.uk/museum/timeline?category=340
BAUS (Urology),Ketamine & Your Urinary Tract,Event/Other,https://www.baus.org.uk/professionals/sections/female/ketamine_patients.aspx
BAUS (Urology),Library,Event/Other,https://www.baus.org.uk/museum/timeline?category=162
BAUS (Urology),Login,Event/Other,https://www.baus.org.uk/login.aspx
BAUS (Urology),Memorial Garden,Event/Other,https://www.baus.org.uk/museum/timeline?category=1143
BAUS (Urology),Month,Event/Other,https://www.baus.org.uk/professionals/events/date/2025/12?view=month#events
BAUS (Urology),Museum Quick Links,Event/Other,https://www.baus.org.uk/museum/timeline?category=2259
BAUS (Urology),Other Museum Collections,Event/Other,https://www.baus.org.uk/museum/timeline?category=346
BAUS (Urology),Our Staff,Event/Other,https://www.baus.org.uk/about/staff/default.aspx
BAUS (Urology),Parenthood & Returning to Work,Event/Other,https://www.baus.org.uk/professionals/parenthood_and_urology.aspx
BAUS (Urology),Patients,Event/Other,https://www.baus.org.uk/patients/default.aspx
BAUS (Urology),Professionals,Event/Other,https://www.baus.org.uk/professionals/
BAUS (Urology),Regions,Event/Other,https://www.baus.org.uk/professionals/regions/default.aspx
BAUS (Urology),Skip to main content,Event/Other,https://www.baus.org.uk/professionals/events/date/2026/?view=year#content
BAUS (Urology),Specialist Sections,Event/Other,https://www.baus.org.uk/professionals/sections/default.aspx
BAUS (Urology),Standing on the Shoulders of Giants,Event/Other,https://www.baus.org.uk/museum/timeline?category=348
BAUS (Urology),Surgical Audit Projects,Event/Other,https://www.baus.org.uk/patients/surgical_outcomes/default.aspx
BAUS (Urology),Sustainability,Event/Other,https://www.baus.org.uk/about/sustainability.aspx
BAUS (Urology),Time Corridor,Event/Other,https://www.baus.org.uk/museum/timeline?category=146
BAUS (Urology),Toilets,Event/Other,https://www.baus.org.uk/museum/timeline?category=2260
BAUS (Urology),Urolink,Event/Other,https://www.baus.org.uk/professionals/urolink/urolink_home.aspx
BAUS (Urology),Urological Charities,Event/Other,https://www.baus.org.uk/museum/timeline?category=2289
BAUS (Urology),Vaginal Mesh Complications,Event/Other,https://www.baus.org.uk/patients/sui_mesh_complications.aspx
BAUS (Urology),Virtual Museum,Webinar,https://www.baus.org.uk/museum/
BAUS (Urology),What Is Urology?,Event/Other,https://www.baus.org.uk/patients/information/default.aspx
BAUS (Urology),Your Patient Journey,Event/Other,https://www.baus.org.uk/patients/journey/default.aspx
BAUS (Urology),log in,Event/Other,https://www.baus.org.uk/login.aspx?returnUrl=%2fprofessionals%2fevents%2fdate%2f2026%2f%3fview%3dyear
BOA (Ortho),BOA Annual Congress 2025 - Digital Access Only,Conference,https://www.boa.ac.uk/learning-and-events/ems-event-calendar/boa-annual-congress-2025-digital-access-only.html
BOA (Ortho),BOA Ortho Update 2026,Event/Other,https://www.boa.ac.uk/learning-and-events/ems-event-calendar/boa-ortho-update-2026.html
BOA (Ortho),Disclaimer,Event/Other,https://www.boa.ac.uk/disclaimer.html
BOA (Ortho),Falls Prevention Summit: Reducing Inpatient Falls & Harm from Inpatient Falls,Conference,https://www.boa.ac.uk/learning-and-events/ems-event-calendar/falls-prevention-summit-reducing-inpatient-falls-harm-from-inpatient-falls-25.html
BOA (Ortho),Filter,Event/Other,https://www.boa.ac.uk/learning-and-events/ems-event-calendar.html#events-filter
BOA (Ortho),Fractures of Pelvis and Acetabulum - Principles of Management,Event/Other,https://www.boa.ac.uk/learning-and-events/ems-event-calendar/fractures-of-pelvis-and-acetabulum-principles-of-management.html
BOA (Ortho),"Hip Fracture Summit 2025: Improving Care, Outcomes & Patient Experience",Conference,https://www.boa.ac.uk/learning-and-events/ems-event-calendar/hip-fracture-summit-improving-care-outcomes-patient-experience-25.html
BOA (Ortho),How to set up a Private Practice,Event/Other,https://www.boa.ac.uk/learning-and-events/ems-event-calendar/how-to-set-up-a-private-practice.html
BOA (Ortho),Learning & Events,Event/Other,https://www.boa.ac.uk/learning-and-events.html
BOA (Ortho),Pixl8,Event/Other,https://pixl8.com/en/
BOA (Ortho),Privacy Policy,Event/Other,https://www.boa.ac.uk/privacy-policy.html
BOA (Ortho),Terms and Conditions,Event/Other,https://www.boa.ac.uk/terms-and-conditions.html
BOA (Ortho),UKITE 2025,Event/Other,https://www.boa.ac.uk/learning-and-events/ems-event-calendar/ukite-2025.html
BOA (Ortho),Virtual Training Orthopaedic Trainers (V-TOTs) 2025 – 4,Webinar,https://www.boa.ac.uk/learning-and-events/ems-event-calendar/virtual-training-orthopaedic-trainers-v-tots-2025-4.html
BOA (Ortho),this form,Event/Other,https://www.boa.ac.uk/learning-and-events/ems-event-calendar/submit-event-course-to-events-calendar.html
Doctors Academy,Advanced Urological Emergencies and Cancer Pathways for Core Surgical Trainees - Date: 10th December 2025 - Venue:Virtual (Zoom) - Fees: Free - Category: Postgraduate,Webinar,https://doctorsacademy.org/coursenw/AUECPCST/
Doctors Academy,"Cardiff MRCS Part B OSCE Programme (Five-Day Attendance Course and Online Educational Content) - Date: 21st - 25th January 2026 - Venue:College of Physicians and Surgeons of Cardiff, Cardiff Bay, Cardiff - School of Biosciences, Cardiff University - Fees: £945.00 - Category: Postgraduate",Webinar,https://doctorsacademy.org.uk/coursenw/cmofdpc/
Doctors Academy,"Cardiff Trauma Update Meeting - Date: Thursday 26th March 2026 - Venue:Cardiff Marriott Hotel, Mill Lane, Cardiff, CF10 1EZ - Fees: £120.00 (until 31st December 2025; then £150.00) - Category: Postgraduate",Conference,https://doctorsacademy.org.uk/coursenw/ctrauma/
Doctors Academy,"Doctors Academy FRCS (Gen Surg) Section 2 Course: Theory, Vivas and Clinical Examination - Date: Live Online Sessions Held via Zoom: 12th, 13th, 14th and 15th January 2026 (1830-2200 hours) - Face-to-Face Component Held at the Royal Liverpool University Hospital, Liverpool: 17th and 18th January 2026 (0845-1730 hours) - Education Centre, Royal Liverpool University Hospital, Liverpool - From £260.00 - Postgraduate",Webinar,https://doctorsacademy.org/coursenw/dafrcs/
Doctors Academy,"Essential Surgical Skills and Principles for Aspiring Surgeons (ESSPAS) - Date: 23rd May 2026 - Venue:College of Physicians and Surgeons of Cardiff, Frazer Building, 126 Bute Street, Cardiff Bay, Cardiff, CF10 5LE - Fees: £165.00 - Category: Postgraduate",Course/Workshop,https://doctorsacademy.org.uk/coursenw/esst/
Doctors Academy,FRCS (General Surgery): Section I (SBA) Exam Preparation Course - Date: 3rd and 4th January 2026 - Venue:Online Course Held Via Zoom - Fees: £285.00 - Category: Postgraduate,Webinar,https://doctorsacademy.org/coursenw/frcsp1m25/
Doctors Academy,"Graf Ultrasound Course (Two-Day Basic Course) for the Diagnosis and Management of Developmental Dysplasia of the Infant Hip - Date: 22nd and 25th June 2026 - Venue:22nd June 2026 - Theoretical Component Held via Zoom - 25th - Practical Component Held at the College of Physicians and Surgeons of Cardiff, Cardiff Bay - £485.00 - Postgraduate",Webinar,https://doctorsacademy.org.uk/coursenw/ihg/
Doctors Academy,"Graf Ultrasound Course: Two-Day Basic Course for the Diagnosis and Management of Developmental Dysplasia of the Infant Hip (Glasgow) - Date: 3rd and 6th March 2026 - Venue:3rd March 2026 - Theoretical Component Held via Zoom - 6th March 2026 - Practical Component Held at the Radisson Blu Hotel, Argyle Street, Glasgow, G2 8DL - £485.00 - Postgraduate",Webinar,https://doctorsacademy.org.uk/coursenw/ihgzf/
Doctors Academy,MRCP PACES Preparation Course - Date: 4th January 2026 - Venue:Online Course Held Via Zoom - Fees: £95.00 - Category: Postgraduate,Webinar,https://doctorsacademy.org.uk/coursenw/MRCPPACESPC/
Doctors Academy,Preparation Course for Online Dental School Interviews - Date: 3rd January 2026 - Venue:Online Course Held Via Zoom - Fees: £65.00 - Category: Undergraduate,Webinar,https://doctorsacademy.org/coursenw/PCODSI/
Doctors Academy,Preparation Course for Online Medical School Interviews - Date: 3rd January 2026 - Venue:Online Course Held Via Zoom - Fees: £65.00 - Category: Undergraduate,Webinar,https://doctorsacademy.org.uk/coursenw/PCOMSI/
Doctors Academy,"Welsh National Surgical Conference 2026 - Date: 14th February 2026 - Venue:University Hospital of Wales, Cardiff - Fees: £20.00 (Discounted to £15.00 until 31st December 2025 ) - Category: Postgraduate",Conference,https://doctorsacademy.org.uk/coursenw/wnsc26/
ENT UK,About ENT UK,Event/Other,https://www.entuk.org/events/calendar/date/2026/?yearview=all#
ENT UK,BACO International 2026,Event/Other,https://www.entuk.org/events/347/baco_international_2026
ENT UK,BAOMS Annual Scientific Meeting 2026,Conference,https://www.entuk.org/events/343/baoms_annual_scientific_meeting_2026
ENT UK,BECOME A MEMBER,Event/Other,https://www.entuk.org/join/default.aspx
ENT UK,BRS British Rhinological Society Juniors Day & Annual Meeting 2026,Conference,https://www.entuk.org/events/342/brs_british_rhinological_society_juniors_day_annual_meeting_2026
ENT UK,BSHENT - British Society for the History of ENT - Annual Meeting 2026,Conference,https://www.entuk.org/events/335/bshent_british_society_for_the_history_of_ent_annual_meeting_2026
ENT UK,BSO (The British Society of Otology) Balance Course 2026,Course/Workshop,https://www.entuk.org/events/336/bso_the_british_society_of_otology_balance_course_2026
ENT UK,BSO (The British Society of Otology) Juniors Day 2026,Event/Other,https://www.entuk.org/events/341/bso_the_british_society_of_otology_juniors_day_2026
ENT UK,BSO - The British Society of Otology Annual Meeting 2026,Conference,https://www.entuk.org/events/340/bso_the_british_society_of_otology_annual_meeting_2026
ENT UK,Designed & Developed by LightMedia,Event/Other,https://www.light-media.co.uk/
ENT UK,ENT UK Clinical Leadership Meeting 2026: Better Leaders Better Care,Conference,https://www.entuk.org/events/348/ent_uk_clinical_leadership_meeting_2026_better_leaders_better_care
ENT UK,ENT UK Innovation Forum 2026,Conference,https://www.entuk.org/events/346/ent_uk_innovation_forum_2026
ENT UK,ENT UK ST3 accelerated learning course Bootcamp Manchester 2026,Course/Workshop,https://www.entuk.org/events/322/ent_uk_st3_accelerated_learning_course_bootcamp_manchester_2026
ENT UK,For Health Professionals,Event/Other,https://www.entuk.org/professionals/default.aspx
ENT UK,LEARN MORE,Event/Other,https://www.entuk.org/_userfiles/pages/files/events/ent_uk_event_sponsorship_prospectus_2026_1.pdf
ENT UK,MEMBER LOGIN,Event/Other,https://www.entuk.org/members/default.aspx
ENT UK,Mentor Training Course (In-Person) 2026,Course/Workshop,https://www.entuk.org/events/329/mentor_training_course_inperson_2026
ENT UK,Partnerships,Event/Other,https://www.entuk.org/partner/default.aspx
ENT UK,SAS Conference 2026,Conference,https://www.entuk.org/events/334/sas_conference_2026
ENT UK,Terms,Event/Other,https://www.entuk.org/terms_conditions.aspx
ENT UK,WENTS Leadership Course 2026,Course/Workshop,https://www.entuk.org/events/328/wents_leadership_course_2026
ENT UK,WENTS Webinar Series (Part 2) - Women and Technology in Surgery,Webinar,https://www.entuk.org/events/337/wents_webinar_series_part_2_women_and_technology_in_surgery
ENT UK,WENTS Webinar Series (Part 3) - Women and Technology in Surgery,Webinar,https://www.entuk.org/events/332/wents_webinar_series_part_3_women_and_technology_in_surgery
ENT UK,YCOHNS Annual Meeting 2026,Conference,https://www.entuk.org/events/333/ycohns_annual_meeting_2026
ENT UK,svg{stroke:#000;stroke-linecap:round;stroke-linejoin:round;fill:#fff;fill-rule:evenodd;font-family:Roboto;font-size:14px;text-anchor:middle}svg text{paint-order:stroke;white-space:pre}svg .Text\.cls{stroke:none},Event/Other,https://www.linkedin.com/company/ent-uk-british-association-of-otorhinolaryngology---head-and-neck-surgery-bao-hns-/
NSTC Newcastle,Advanced Sinus Surgery Course,Course/Workshop,https://nstcsurg.org/courses/advanced-sinus-surgery-course/
NSTC Newcastle,Attune and Revision Course (Depuy Synthes),Course/Workshop,https://nstcsurg.org/courses/attune-and-revision-course-depuy-synthes/
NSTC Newcastle,Bariatric Course (Ethicon),Course/Workshop,https://nstcsurg.org/courses/bariatric-course-ethicon/
NSTC Newcastle,Basic Surgical Skills Course,Course/Workshop,https://nstcsurg.org/courses/basic-surgical-skills-course/
NSTC Newcastle,Cardiac Cadaveric Skills Course (Ethicon),Course/Workshop,https://nstcsurg.org/courses/cardiac-cadaveric-skills-course-ethicon/
NSTC Newcastle,Cardiopulmonary Transplant and MCS Course – EACTS,Course/Workshop,https://nstcsurg.org/courses/cardiopulmonary/
NSTC Newcastle,Cleft Palate Course,Course/Workshop,https://nstcsurg.org/courses/cleft-palate-course/
NSTC Newcastle,Colorectal Cadaveric Skills Day (Ethicon),Course/Workshop,https://nstcsurg.org/courses/ethicon-colorectal/
NSTC Newcastle,Courses,Course/Workshop,https://nstcsurg.org/courses/
NSTC Newcastle,Endoscopy Taster Course (BSG),Course/Workshop,https://nstcsurg.org/courses/endoscopy-taster-course-bsg/
NSTC Newcastle,Functional Endonasal Sinus Surgery Course (FESS),Course/Workshop,https://nstcsurg.org/courses/fess/
NSTC Newcastle,Hot Axios Course (Boston),Course/Workshop,https://nstcsurg.org/courses/hot-axios-course-boston/
NSTC Newcastle,JETS Basic Skills in Colonoscopy Course,Course/Workshop,https://nstcsurg.org/courses/basic-skills-in-colonoscopy/
NSTC Newcastle,JETS Basic Skills in ERCP Course,Course/Workshop,https://nstcsurg.org/courses/basic-skills-in-ercp/
NSTC Newcastle,JETS Basic Skills in EUS Course,Course/Workshop,https://nstcsurg.org/courses/basic-skills-in-eus/
NSTC Newcastle,JETS Lower GI Polypectomy Course,Course/Workshop,https://nstcsurg.org/courses/lower-gi-polypectomy-course/
NSTC Newcastle,JETS Upper GI Haemostasis Course,Course/Workshop,https://nstcsurg.org/courses/haemostasis-jets/
NSTC Newcastle,MAKO Robotic Ortho Cadaveric Dissection Course,Course/Workshop,https://nstcsurg.org/courses/robotic-ortho-cadaveric-dissection-course/
NSTC Newcastle,National Head and Neck Course,Course/Workshop,https://nstcsurg.org/courses/national-head-and-neck/
NSTC Newcastle,National K-Wiring Course,Course/Workshop,https://nstcsurg.org/courses/k-wiring-hand-fractures/
NSTC Newcastle,National Microvascular Course,Course/Workshop,https://nstcsurg.org/courses/national-microvascular/
NSTC Newcastle,Newcastle Ureteric Stricture & Metal Stent Cadaveric Course,Course/Workshop,https://nstcsurg.org/courses/ureteric-stricture-and-metal-stent/
NSTC Newcastle,North East Flaps Course,Course/Workshop,https://nstcsurg.org/courses/ne-flaps-course/
NSTC Newcastle,Paediatric Advanced Cadaveric Trauma Surgery (PACTS) Course,Course/Workshop,https://nstcsurg.org/courses/paediatric-advanced-cadaveric-trauma-surgery-pacts-course/
NSTC Newcastle,Robotic Abdominal Wall Hernia Intermediate Cadaveric Dissection Course,Course/Workshop,https://nstcsurg.org/courses/robotic-abdominal-wall-hernia-intermediate-cadaveric-dissection-course/
NSTC Newcastle,Robotic Adrenal Surgery Course,Course/Workshop,https://nstcsurg.org/courses/robotic-adrenal-surgery/
NSTC Newcastle,Robotic Colorectal Course,Course/Workshop,https://nstcsurg.org/courses/robotic-colorectal/
NSTC Newcastle,Robotic HPB Course,Course/Workshop,https://nstcsurg.org/courses/robotic-hpb/
NSTC Newcastle,Robotic Surgical Skills Course,Course/Workshop,https://nstcsurg.org/courses/robotic-surgical-skills/
NSTC Newcastle,Robotic TORs Course,Course/Workshop,https://nstcsurg.org/courses/robotic-tors/
NSTC Newcastle,Robotic Urology Course,Course/Workshop,https://nstcsurg.org/courses/robotic-urology-course/
NSTC Newcastle,Segmentectomy Course for Cardiothoracic Surgeons (Ethicon),Course/Workshop,https://nstcsurg.org/courses/segmentectomy-course-ethicon/
NSTC Newcastle,Septorhinoplasty & Facial Plastics Cadaveric Course,Course/Workshop,https://nstcsurg.org/courses/septorhinoplasty-and-facial-flaps/
NSTC Newcastle,TIG Fellow Breast Course,Course/Workshop,https://nstcsurg.org/courses/tig-fellow-breast-course/
NSTC Newcastle,Temporal Bone Course,Course/Workshop,https://nstcsurg.org/courses/temporal-bone/
NSTC Newcastle,Upper Gastrointestinal Cancer Course,Course/Workshop,https://nstcsurg.org/courses/upper-gi/
NSTC Newcastle,Walkergate Park Cadaver Training Day (Merz),Course/Workshop,https://nstcsurg.org/courses/walkergate-park-cadaver-training-day-merz/
RCPSG Glasgow,Advanced Ear Surgery Dissection Course,Course/Workshop,https://rcpsg.ac.uk/education/advanced-ear-surgery-dissection-course
RCPSG Glasgow,Basic Laparoscopic Skills Course,Course/Workshop,https://rcpsg.ac.uk/education/basic-laparoscopic-skills-course
RCPSG Glasgow,Basic Orthopaedic Procedural Skills Course,Course/Workshop,https://rcpsg.ac.uk/education/basic-orthopaedic-procedural-skills-course
RCPSG Glasgow,Basic Surgery Cadaver Skills (BaSICS),Course/Workshop,https://rcpsg.ac.uk/education/basic-surgery-cadaver-skills
RCPSG Glasgow,College Annual General Meeting 2025,Conference,https://rcpsg.ac.uk/college-annual-general-meeting
RCPSG Glasgow,Developing the Clinical Trainer: Teaching Skills for Early Stage Trainees,Course/Workshop,https://rcpsg.ac.uk/education/developing-the-clinical-trainer
RCPSG Glasgow,Emergency Head and Neck Surgery Cadaver Course,Course/Workshop,https://rcpsg.ac.uk/rcpsg.ac.uk/education/emergency-head-and-neck-surgery-cadaver-course
RCPSG Glasgow,Emergency Urological Surgery Cadaver Course,Course/Workshop,https://rcpsg.ac.uk/education/emergency-urological-surgery-cadaver-course
RCPSG Glasgow,Endoscopic Ear Surgery Cadaver Course,Course/Workshop,https://rcpsg.ac.uk/education/endoscopic-ear-surgery-cadaver-course
RCPSG Glasgow,Essential Surgical Skills,Course/Workshop,https://rcpsg.ac.uk/education/essential-surgical-skills-course
RCPSG Glasgow,General Surgery ST3 Interview Preparation Course,Course/Workshop,https://rcpsg.ac.uk/education/general-surgery-st3-interview-preparation-course
RCPSG Glasgow,Head and Neck Dissection Course,Course/Workshop,https://rcpsg.ac.uk/education/head-and-neck-dissection-course
RCPSG Glasgow,International Sports Surgery and Medicine Conference – Glasgow 2026,Conference,https://rcpsg.ac.uk/education/international-sports-surgery-and-medicine-conference-glasgow-2026
RCPSG Glasgow,MRCS PART B OSCE Exam Preparation,Exam Prep,https://rcpsg.ac.uk/education/mrcs-part-b-osce-exam-preparation
RCPSG Glasgow,MRCS Part A Exam Preparation,Exam Prep,https://rcpsg.ac.uk/education/mrcs-part-a-exam-preparation
RCPSG Glasgow,MRCS Part B Preparation Course,Course/Workshop,https://rcpsg.ac.uk/education/mrcs-part-b-preparation-course
RCPSG Glasgow,Ortho and Trauma ST Interview Preparation Course,Course/Workshop,https://rcpsg.ac.uk/education/ortho-and-trauma-st-interview-prep-course
RCPSG Glasgow,Principles of Casting for Orthopaedic Trainees Course,Course/Workshop,https://rcpsg.ac.uk/education/principles-of-casting-for-orthopaedic-trainees-course
RCPSG Glasgow,Urology ST3 Interview Preparation Course,Course/Workshop,https://rcpsg.ac.uk/education/urology-st3-interview-preparation-course
RCS England,About RCS England,Event/Other,https://www.rcseng.ac.uk/about-the-rcs/
RCS England,Acceptable use policy,Event/Other,https://www.rcseng.ac.uk/acceptable-use-policy/
RCS England,AccessAble access guides,Event/Other,https://www.accessable.co.uk/the-royal-college-of-surgeons-of-england
RCS England,Affiliate,Event/Other,https://www.rcseng.ac.uk/search/#SelectedFilters=11195
RCS England,All dental specialties,Event/Other,https://www.rcseng.ac.uk/search/#SelectedFilters=11203
RCS England,Calendar,Event/Other,https://www.rcseng.ac.uk/news-and-events/events/calendar/
RCS England,Cardiothoracic surgery,Event/Other,https://www.rcseng.ac.uk/search/#SelectedFilters=17
RCS England,Careers,Event/Other,https://www.rcseng.ac.uk/search/#SelectedFilters=11124
RCS England,Careers Support,Event/Other,https://www.rcseng.ac.uk/careers-in-surgery/careers-support/
RCS England,Conference,Conference,https://www.rcseng.ac.uk/search/#SelectedFilters=11352
RCS England,Cookies policy,Event/Other,https://www.rcseng.ac.uk/cookies-policy/
RCS England,Diplomate ceremonies,Event/Other,https://www.rcseng.ac.uk/news-and-events/events/ceremonies/
RCS England,Fellow,Event/Other,https://www.rcseng.ac.uk/search/#SelectedFilters=11194
RCS England,Foundation trainees,Event/Other,https://www.rcseng.ac.uk/search/#SelectedFilters=44
RCS England,General surgery,Event/Other,https://www.rcseng.ac.uk/search/#SelectedFilters=8
RCS England,Go to top,Event/Other,https://www.rcseng.ac.uk/news-and-events/events/calendar/#top
RCS England,Interview Skills Masterclass 2025,Course/Workshop,https://www.rcseng.ac.uk/news-and-events/events/calendar/interview-skills-masterclass-2025/
RCS England,Member,Event/Other,https://www.rcseng.ac.uk/search/#SelectedFilters=3
RCS England,Membership,Event/Other,https://www.rcseng.ac.uk/about-the-rcs/membership/
RCS England,National,Event/Other,https://www.rcseng.ac.uk/search/#SelectedFilters=11127
RCS England,Networking,Event/Other,https://www.rcseng.ac.uk/search/#SelectedFilters=11354
RCS England,Neurosurgery,Event/Other,https://www.rcseng.ac.uk/search/#SelectedFilters=9
RCS England,News & Events,Event/Other,https://www.rcseng.ac.uk/news-and-events/
RCS England,Oral and maxillofacial surgery,Event/Other,https://www.rcseng.ac.uk/search/#SelectedFilters=23
RCS England,Otolaryngology,Event/Other,https://www.rcseng.ac.uk/search/#SelectedFilters=11
RCS England,Paediatric surgery,Event/Other,https://www.rcseng.ac.uk/search/#SelectedFilters=13
RCS England,Plastic surgery,Event/Other,https://www.rcseng.ac.uk/search/#SelectedFilters=12
RCS England,Privacy policy,Event/Other,https://www.rcseng.ac.uk/privacy-policy/
RCS England,Professional support,Event/Other,https://www.rcseng.ac.uk/search/#SelectedFilters=11131
RCS England,RCS England Future of Surgery Festival,Event/Other,https://www.rcseng.ac.uk/news-and-events/events/calendar/future-of-surgery-festival/
RCS England,Research,Event/Other,https://www.rcseng.ac.uk/search/#SelectedFilters=11129
RCS England,Surgical standards,Event/Other,https://www.rcseng.ac.uk/search/#SelectedFilters=11130
RCS England,Surgical team,Event/Other,https://www.rcseng.ac.uk/search/#SelectedFilters=11196
RCS England,Technology,Event/Other,https://www.rcseng.ac.uk/search/#SelectedFilters=11315
RCS England,Terms and conditions,Event/Other,https://www.rcseng.ac.uk/terms-and-conditions/
RCS England,Training,Course/Workshop,https://www.rcseng.ac.uk/search/#SelectedFilters=11119
RCS England,Trauma and orthopaedic surgery,Event/Other,https://www.rcseng.ac.uk/search/#SelectedFilters=14
RCS England,UK member,Event/Other,https://www.rcseng.ac.uk/search/#SelectedFilters=11198
RCS England,Urology,Event/Other,https://www.rcseng.ac.uk/search/#SelectedFilters=15
RCS England,Vacancies,Event/Other,https://www.rcseng.ac.uk/about-the-rcs/working-at-the-college/current-rcs-vacancies/
RCS England,Vascular surgery,Event/Other,https://www.rcseng.ac.uk/search/#SelectedFilters=16
RCS England,Webinars,Webinar,https://www.rcseng.ac.uk/news-and-events/events/webinars/
RCSEd,10th Annual FPC Conference 2025,Conference,
RCSEd,11th Oxford Surgical Skills Symposium,Conference,https://services.rcsed.ac.uk/events-courses/event-entry?courseDefId=1239
RCSEd,24th QI & Audit Symposium 2026,Conference,https://services.rcsed.ac.uk/events-courses/event-entry?courseDefId=756
RCSEd,36th Advanced Otology Course,Course/Workshop,https://services.rcsed.ac.uk/events-courses/event-entry?courseDefId=1195
RCSEd,7th RCSEd Wales Surgical Team & QI Conference and 13th RCSEd All Wales Medical & Dental Students Surgical Research Symposium 2024,Conference,https://services.rcsed.ac.uk/events-courses/event-entry?diaryId=3825
RCSEd,Advanced Laparoscopic Suturing Course,Course/Workshop,https://services.rcsed.ac.uk/events-courses/event-entry?courseDefId=997
RCSEd,Advanced Trauma Life Support (ATLS),Event,https://services.rcsed.ac.uk/events-courses/event-entry?courseDefId=1014
RCSEd,Advanced Trauma Life Support (ATLS) Reverification Programme,Event,https://services.rcsed.ac.uk/events-courses/event-entry?diaryId=3838
RCSEd,BAETS Parathyroid Masterclass,Course/Workshop,https://services.rcsed.ac.uk/events-courses/event-entry?courseDefId=1063
RCSEd,BAETS Thyroid Masterclass,Course/Workshop,https://services.rcsed.ac.uk/events-courses/event-entry?courseDefId=1238
RCSEd,Basic Microsurgical Skills Course (BMS),Course/Workshop,https://services.rcsed.ac.uk/events-courses/event-entry?diaryId=3809
RCSEd,Basic Surgical Skills (Birmingham),Course/Workshop,https://services.rcsed.ac.uk/events-courses/event-entry?courseDefId=590
RCSEd,Basic Surgical Skills (Bolton),Course/Workshop,https://services.rcsed.ac.uk/events-courses/event-entry?courseDefId=507
RCSEd,Basic Surgical Skills (Buckingham),Course/Workshop,https://services.rcsed.ac.uk/events-courses/event-entry?courseDefId=1172
RCSEd,Basic Surgical Skills (Cardiff),Course/Workshop,https://services.rcsed.ac.uk/events-courses/event-entry?courseDefId=981
RCSEd,Basic Surgical Skills (Edinburgh),Course/Workshop,https://services.rcsed.ac.uk/events-courses/event-entry?courseDefId=761
RCSEd,Basic Surgical Skills (Hong Kong),Course/Workshop,https://services.rcsed.ac.uk/events-courses/event-entry?diaryId=3801
RCSEd,Basic Surgical Skills (Manchester),Course/Workshop,https://services.rcsed.ac.uk/events-courses/event-entry?courseDefId=317
RCSEd,Basic Surgical Skills (Palestine),Course/Workshop,https://services.rcsed.ac.uk/events-courses/event-entry?diaryId=3845
RCSEd,Basic Surgical Skills (Walsall),Course/Workshop,https://services.rcsed.ac.uk/events-courses/event-entry?courseDefId=971
RCSEd,Basic Surgical Skills (Wirral),Course/Workshop,https://services.rcsed.ac.uk/events-courses/event-entry?courseDefId=1174
RCSEd,CABC Trauma Course,Course/Workshop,https://services.rcsed.ac.uk/events-courses/event-entry?courseDefId=876
RCSEd,COSMOS (Consultation Skills that Matter for Surgeons) â€“ Module A,Course/Workshop,https://services.rcsed.ac.uk/events-courses/event-entry?courseDefId=1243
RCSEd,COSMOS (Consultation Skills that Matter for Surgeons) â€“ Module B,Course/Workshop,https://services.rcsed.ac.uk/events-courses/event-entry?courseDefId=1224
RCSEd,Certificate Payment,Event,https://services.rcsed.ac.uk/events-courses/event-entry?courseDefId=1222
RCSEd,Clinical Research Methodology in a Nutshell,Event,https://services.rcsed.ac.uk/events-courses/event-entry?courseDefId=1092
RCSEd,Colon Capsule Endoscopy International Conference,Conference,https://services.rcsed.ac.uk/events-courses/event-entry?courseDefId=1137
RCSEd,Core Skills in Orthopaedic Surgery,Course/Workshop,https://services.rcsed.ac.uk/events-courses/event-entry?courseDefId=1127
RCSEd,Core Skills in Urology Course Module 1 & 2,Course/Workshop,https://services.rcsed.ac.uk/events-courses/event-entry?diaryId=3763
RCSEd,Core Skills in Urology Course Module 3 & 4,Course/Workshop,https://services.rcsed.ac.uk/events-courses/event-entry?courseDefId=189
RCSEd,Core Skills in Vascular Surgery,Course/Workshop,https://services.rcsed.ac.uk/events-courses/event-entry?courseDefId=392
RCSEd,Course Payments,Course/Workshop,https://services.rcsed.ac.uk/events-courses/event-entry?courseDefId=626
RCSEd,Dental CPD Payments,Event,https://services.rcsed.ac.uk/events-courses/event-entry?courseDefId=1093
RCSEd,Dental Care Professionals' Network,Event,https://services.rcsed.ac.uk/events-courses/event-entry?diaryId=3493
RCSEd,Dental Non-Technical Skills (DeNTS) Masterclass. Increasing patient safety: how to assess the non-technical skills of dentists using DeNTS,Course/Workshop,https://services.rcsed.ac.uk/events-courses/event-entry?courseDefId=299
RCSEd,Dental Pre-Membership Network,Event,https://services.rcsed.ac.uk/events-courses/event-entry?courseDefId=1182
RCSEd,Dental Student Network,Event,https://services.rcsed.ac.uk/events-courses/event-entry?courseDefId=245
RCSEd,Diploma Ceremony,Event,https://services.rcsed.ac.uk/events-courses/event-entry?courseDefId=302
RCSEd,ESSS Getting into Medicine Day,Event,https://services.rcsed.ac.uk/events-courses/event-entry?courseDefId=1020
RCSEd,ESSS Surgical Careers Roadshow,Event,https://services.rcsed.ac.uk/events-courses/event-entry?courseDefId=899
RCSEd,ESSS Surgical Skills Taster Evening,Course/Workshop,https://services.rcsed.ac.uk/events-courses/event-entry?courseDefId=789
RCSEd,Edinburgh Aortic Course - Principles of Open Aortic Surgery,Course/Workshop,https://services.rcsed.ac.uk/events-courses/event-entry?courseDefId=780
RCSEd,Edinburgh MRCS Part B Symposium (CMH Rawalpindi),Conference,https://services.rcsed.ac.uk/events-courses/event-entry?courseDefId=1212
RCSEd,Edinburgh Orthopaedics & Sports Medicine Conference,Conference,https://services.rcsed.ac.uk/events-courses/event-entry?courseDefId=1217
RCSEd,Eindhoven Surgical Skills Course,Course/Workshop,https://services.rcsed.ac.uk/events-courses/event-entry?courseDefId=1191
RCSEd,Essentials in Robotics,Event,https://services.rcsed.ac.uk/events-courses/event-entry?courseDefId=316
RCSEd,FLP Payments,Event,https://services.rcsed.ac.uk/events-courses/event-entry?courseDefId=1198
RCSEd,FPHC Conference 2025,Conference,https://services.rcsed.ac.uk/events-courses/event-entry?courseDefId=1234
RCSEd,FTSS Scotland Presents Orthopaedics Webinar Series: Hand & Wrist,Webinar,https://services.rcsed.ac.uk/events-courses/event-entry?courseDefId=1246
RCSEd,FTSS Scotland Presents the Specialty Insight Series Vascular Surgery,Event,https://services.rcsed.ac.uk/events-courses/event-entry?courseDefId=665
RCSEd,Facial Aesthetic Surgery: Dissection Course for Surgeons,Course/Workshop,https://services.rcsed.ac.uk/events-courses/event-entry?courseDefId=646
RCSEd,Foundation Affiliate Network,Event,https://services.rcsed.ac.uk/events-courses/event-entry?courseDefId=279
RCSEd,Foundation in Dental Leadership (FDL),Event,https://services.rcsed.ac.uk/events-courses/event-entry?courseDefId=155
RCSEd,Foundation in Surgical Leadership (FSL),Event,https://services.rcsed.ac.uk/events-courses/event-entry?courseDefId=1231
RCSEd,Foundation of Clinical Surgery,Event,https://services.rcsed.ac.uk/events-courses/event-entry?courseDefId=1230
RCSEd,Foundation of Gastrointestinal Surgery,Event,https://services.rcsed.ac.uk/events-courses/event-entry?courseDefId=320
RCSEd,Future Surgeons: Critical Care,Event,https://services.rcsed.ac.uk/events-courses/event-entry?courseDefId=319
RCSEd,Future Surgeons: Key Skills (Aberdeen),Course/Workshop,https://services.rcsed.ac.uk/events-courses/event-entry?courseDefId=276
RCSEd,Future Surgeons: Key Skills (Birmingham),Course/Workshop,https://services.rcsed.ac.uk/events-courses/event-entry?diaryId=3806
RCSEd,Future Surgeons: Key Skills (Cardiff),Course/Workshop,https://services.rcsed.ac.uk/events-courses/event-entry?courseDefId=1132
RCSEd,Future Surgeons: Key Skills (Edinburgh),Course/Workshop,https://services.rcsed.ac.uk/events-courses/event-entry?courseDefId=715
RCSEd,Future Surgeons: Key Skills (Manchester),Course/Workshop,https://services.rcsed.ac.uk/events-courses/event-entry?diaryId=3818
RCSEd,Future Surgeons: Key Skills (Wirral),Course/Workshop,https://services.rcsed.ac.uk/events-courses/event-entry?courseDefId=334
RCSEd,Getting into Medical School Information Day - Edinburgh,Course/Workshop,https://services.rcsed.ac.uk/events-courses/event-entry?courseDefId=484
RCSEd,Half Day Membership in Orthodontics Process Course (ONLINE - Afternoon Session),Webinar,https://services.rcsed.ac.uk/events-courses/event-entry?courseDefId=819
RCSEd,Half Day Membership in Orthodontics Process Course (ONLINE - Morning Session),Webinar,https://services.rcsed.ac.uk/events-courses/event-entry?courseDefId=1075
RCSEd,"Hostile Environment Surgical Training, United Kingdom (HEST-UK)",Course/Workshop,https://services.rcsed.ac.uk/events-courses/event-entry?courseDefId=1074
RCSEd,Hostile Environments And Tropical (H.E.A.T) Medicine Conference,Conference,https://services.rcsed.ac.uk/events-courses/event-entry?courseDefId=1221
RCSEd,IMGSS,Event,https://services.rcsed.ac.uk/events-courses/event-entry?courseDefId=1261
RCSEd,Informed Consent: Sharing the Decision (ICONS),Event,https://services.rcsed.ac.uk/events-courses/event-entry?courseDefId=358
RCSEd,Informed Consent: Sharing the Decision (ICONS) (Birmingham),Event,https://services.rcsed.ac.uk/events-courses/event-entry?courseDefId=923
RCSEd,International Postgraduate Deanery - PO payment only,Event,https://services.rcsed.ac.uk/events-courses/event-entry?courseDefId=927
RCSEd,International Postgraduate Deanery IPDTR1 RTF,Event,https://services.rcsed.ac.uk/events-courses/event-entry?courseDefId=1109
RCSEd,International Postgraduate Deanery Training Route 1: Administration Fee,Course/Workshop,https://services.rcsed.ac.uk/events-courses/event-entry?courseDefId=1110
RCSEd,International Postgraduate Deanery Training Route 1: Registration Fee,Course/Workshop,https://services.rcsed.ac.uk/events-courses/event-entry?courseDefId=1003
RCSEd,International Postgraduate Deanery Training Route 2: Administration Fee Payment Part 1,Course/Workshop,https://services.rcsed.ac.uk/events-courses/event-entry?courseDefId=1004
RCSEd,International Postgraduate Deanery Training Route 2: Administration Fee Payment Part 2,Course/Workshop,https://services.rcsed.ac.uk/events-courses/event-entry?courseDefId=1005
RCSEd,International Postgraduate Deanery Training Route 2: Registration Fee,Course/Workshop,https://services.rcsed.ac.uk/events-courses/event-entry?courseDefId=1006
RCSEd,International Postgraduate Deanery Training Route 3: Administration Fee,Course/Workshop,https://services.rcsed.ac.uk/events-courses/event-entry?courseDefId=1007
RCSEd,International Postgraduate Deanery Training Route 3: Registration Fee,Course/Workshop,https://services.rcsed.ac.uk/events-courses/event-entry?courseDefId=1203
RCSEd,Interview Skills for Core Surgical Training,Course/Workshop,https://services.rcsed.ac.uk/events-courses/event-entry?courseDefId=1204
RCSEd,Laparoscopic Skills in Emergency Surgery,Course/Workshop,https://services.rcsed.ac.uk/events-courses/event-entry?courseDefId=350
RCSEd,Leicester Surgical Careers Roadshow,Event,https://services.rcsed.ac.uk/events-courses/event-entry?courseDefId=1029
RCSEd,MFDS Part II OSCE Preparatory Course,Course/Workshop,https://services.rcsed.ac.uk/events-courses/event-entry?courseDefId=709
RCSEd,MRCS Part B Surgical Anatomy Revision Course (Wade Programme) (Malaysia),Course/Workshop,https://services.rcsed.ac.uk/events-courses/event-entry?courseDefId=1002
RCSEd,MRCS Part B Surgical Anatomy Revision Course (Wade Programme) Malaysia (Online),Webinar,https://services.rcsed.ac.uk/events-courses/event-entry?courseDefId=1206
RCSEd,MRCS Part B Surgical Anatomy Revision Day (Online),Webinar,https://services.rcsed.ac.uk/events-courses/event-entry?courseDefId=1129
RCSEd,MRCS Part B Surgical Anatomy Revision Day (Wade Programme),Exam Prep,https://services.rcsed.ac.uk/events-courses/event-entry?courseDefId=1066
RCSEd,Membership in Implant Dentistry - Exam Information Session,Exam Prep,https://services.rcsed.ac.uk/events-courses/event-entry?courseDefId=84
RCSEd,Neuroradiology Workshop for Neurosurgeons,Course/Workshop,https://services.rcsed.ac.uk/events-courses/event-entry?courseDefId=1211
RCSEd,Newcastle Surgical Careers Roadshow,Event,https://services.rcsed.ac.uk/events-courses/event-entry?diaryId=3794
RCSEd,Non Technical Skills for Surgeons (NOTSS) (Cardiff),Course/Workshop,https://services.rcsed.ac.uk/events-courses/event-entry?courseDefId=866
RCSEd,Non Technical Skills for Surgeons (NOTSS) (Chorley),Course/Workshop,https://services.rcsed.ac.uk/events-courses/event-entry?courseDefId=1179
RCSEd,Non Technical Skills for Surgeons (NOTSS) (Great Yarmouth),Course/Workshop,https://services.rcsed.ac.uk/events-courses/event-entry?courseDefId=882
RCSEd,"Non Technical Skills for Surgeons (NOTSS) (Kingston, London)",Course/Workshop,https://services.rcsed.ac.uk/events-courses/event-entry?courseDefId=1194
RCSEd,"Non-Technical Skills for Surgeons (NOTSS) (Athens, Greece)",Course/Workshop,https://services.rcsed.ac.uk/events-courses/event-entry?courseDefId=1262
RCSEd,Non-Technical Skills for Surgeons (NOTSS) (Belfast),Course/Workshop,https://services.rcsed.ac.uk/events-courses/event-entry?courseDefId=1223
RCSEd,Non-Technical Skills for Surgeons (NOTSS) (Birmingham),Course/Workshop,https://services.rcsed.ac.uk/events-courses/event-entry?courseDefId=1175
RCSEd,Non-Technical Skills for Surgeons (NOTSS) (Dundee),Course/Workshop,https://services.rcsed.ac.uk/events-courses/event-entry?courseDefId=528
RCSEd,Non-Technical Skills for Surgeons (NOTSS) (Edinburgh),Course/Workshop,https://services.rcsed.ac.uk/events-courses/event-entry?courseDefId=825
RCSEd,"Non-Technical Skills for Surgeons (NOTSS) (Florence, Italy)",Course/Workshop,https://services.rcsed.ac.uk/events-courses/event-entry?diaryId=3843
RCSEd,Non-Technical Skills for Surgeons (NOTSS) (Inverness),Course/Workshop,https://services.rcsed.ac.uk/events-courses/event-entry?courseDefId=1180
RCSEd,Non-Technical Skills for Surgeons (NOTSS) (Leeds),Course/Workshop,https://services.rcsed.ac.uk/events-courses/event-entry?courseDefId=1145
RCSEd,Non-Technical Skills for Surgeons (NOTSS) (London),Course/Workshop,https://services.rcsed.ac.uk/events-courses/event-entry?courseDefId=892
RCSEd,Non-Technical Skills for Surgeons (NOTSS) (South Africa),Course/Workshop,https://services.rcsed.ac.uk/events-courses/event-entry?courseDefId=818
RCSEd,Non-Technical Skills for Surgeons (NOTSS) (Southampton),Course/Workshop,https://services.rcsed.ac.uk/events-courses/event-entry?courseDefId=1209
RCSEd,One to One Interview Practice Oxford Foundation Surgical Society Core Surgical Training Interview Preparation Evening,Course/Workshop,https://services.rcsed.ac.uk/events-courses/event-entry?courseDefId=990
RCSEd,Online Afternoon Dental Symposium - 'Managing dental patientsâ€™ pain and anxiety: everyoneâ€™s challenge',Webinar,https://services.rcsed.ac.uk/events-courses/event-entry?courseDefId=581
RCSEd,Online Dental Symposium - 'Lost in Space' - Management of missing teeth (RECORDING),Webinar,https://services.rcsed.ac.uk/events-courses/event-entry?courseDefId=1258
RCSEd,Oxford Surgical Skills Club,Course/Workshop,https://services.rcsed.ac.uk/events-courses/event-entry?courseDefId=1242
RCSEd,Perioperative Care Practitioners Intraoperative Non-Technical Skills (PINTS),Course/Workshop,https://services.rcsed.ac.uk/events-courses/event-entry?courseDefId=984
RCSEd,Perioperative Care Practitioners Intraoperative Non-Technical Skills (PINTS) - Chorley,Course/Workshop,https://services.rcsed.ac.uk/events-courses/event-entry?courseDefId=704
RCSEd,Plastering Techniques for Fracture Treatment,Event,https://services.rcsed.ac.uk/events-courses/event-entry?courseDefId=1244
RCSEd,Pre-MRCS Affiliate Network,Event,https://services.rcsed.ac.uk/events-courses/event-entry?courseDefId=399
RCSEd,Preparation Course for the Diploma in Special Care Dentistry (ONLINE),Webinar,https://services.rcsed.ac.uk/events-courses/event-entry?courseDefId=295
RCSEd,Preparation Course for the Tri-Collegiate Membership in Special Care Dentistry Examination (ONLINE),Webinar,https://services.rcsed.ac.uk/events-courses/event-entry?diaryId=3842
RCSEd,Preparation for the Membership in Endodontic/Periodontics/Prosthodontics Examination â€“ Information Session,Exam Prep,https://services.rcsed.ac.uk/events-courses/event-entry?courseDefId=883
RCSEd,Primary Trauma Care - Provider Course,Course/Workshop,https://services.rcsed.ac.uk/events-courses/event-entry?courseDefId=1235
RCSEd,Primary Trauma Care â€“ Instructor Course,Course/Workshop,https://services.rcsed.ac.uk/events-courses/event-entry?courseDefId=1255
RCSEd,Primary Trauma Care â€“ Intensive Course,Course/Workshop,https://services.rcsed.ac.uk/events-courses/event-entry?courseDefId=1257
RCSEd,RCSEd Bariatric Surgery Course,Course/Workshop,https://services.rcsed.ac.uk/events-courses/event-entry?courseDefId=1256
RCSEd,RCSEd Birmingham President's Forum 2024,Conference,https://services.rcsed.ac.uk/events-courses/event-entry?courseDefId=1220
RCSEd,RCSEd Cadaveric Intermediate Open Abdominal Surgery Course,Course/Workshop,https://services.rcsed.ac.uk/events-courses/event-entry?courseDefId=994
RCSEd,RCSEd Cadaveric Major Open Abdominal Surgery Course,Course/Workshop,https://services.rcsed.ac.uk/events-courses/event-entry?diaryId=3776
RCSEd,RCSEd Core Trainee Forum Alternative Pathways in Surgery Conference,Conference,https://services.rcsed.ac.uk/events-courses/event-entry?diaryId=3778
RCSEd,RCSEd FDS Present Lectures on Multidisciplinary Dentistry,Event,https://services.rcsed.ac.uk/events-courses/event-entry?courseDefId=557
RCSEd,RCSEd Induction for International Doctors Days 1-3,Event,https://services.rcsed.ac.uk/events-courses/event-entry?courseDefId=844
RCSEd,RCSEd Induction for International Doctors Days 2-3,Event,https://services.rcsed.ac.uk/events-courses/event-entry?courseDefId=1044
RCSEd,RCSEd MOrth Part B Process and Revision Course,Course/Workshop,https://services.rcsed.ac.uk/events-courses/event-entry?courseDefId=1045
RCSEd,RCSEd Mentor Development Programme,Event,https://services.rcsed.ac.uk/events-courses/event-entry?courseDefId=1227
RCSEd,RCSEd Presents: BDS and Beyond,Event,https://services.rcsed.ac.uk/events-courses/event-entry?courseDefId=1208
RCSEd,RCSEd President's Forum - Northern Ireland,Conference,https://services.rcsed.ac.uk/events-courses/event-entry?courseDefId=1057
RCSEd,RISFP,Event,https://services.rcsed.ac.uk/events-courses/event-entry?courseDefId=995
RCSEd,Recognition And Prevention Of Injury And Deterioration (RAPID),Event,https://services.rcsed.ac.uk/events-courses/event-entry?courseDefId=678
RCSEd,Resit payment,Event,https://services.rcsed.ac.uk/events-courses/event-entry?courseDefId=1184
RCSEd,SAS/LED Surgeons' Conference,Conference,https://services.rcsed.ac.uk/events-courses/event-entry?courseDefId=1207
RCSEd,So You Want to be a Vascular Surgeon?,Event,https://services.rcsed.ac.uk/events-courses/event-entry?courseDefId=1170
RCSEd,Student Affiliate Network,Event,https://services.rcsed.ac.uk/events-courses/event-entry?courseDefId=1094
RCSEd,Surgery and the Child,Event,https://services.rcsed.ac.uk/events-courses/event-entry?courseDefId=154
RCSEd,Surgical Anatomy Revision Day (Anatomy for MRCS OSCEs) - International Edition,Exam Prep,https://services.rcsed.ac.uk/events-courses/event-entry?courseDefId=1049
RCSEd,Surgical Anatomy Workshop (Wade Programme) - Norwich Medical Students,Course/Workshop,https://services.rcsed.ac.uk/events-courses/event-entry?courseDefId=1247
RCSEd,Surgical Anatomy Workshop (Wade Programme)- Edinburgh Medical Students,Course/Workshop,https://services.rcsed.ac.uk/events-courses/event-entry?courseDefId=628
RCSEd,Surgical Anatomy of the Head and Neck: A Study Day (MRCS Level- Wade),Event,https://services.rcsed.ac.uk/events-courses/event-entry?courseDefId=970
RCSEd,Surgical Anatomy of the Limbs: A Study Day (MRCS Level- Wade),Event,https://services.rcsed.ac.uk/events-courses/event-entry?courseDefId=378
RCSEd,Surgical Anatomy of the Trunk: A Study Day (MRCS Level- Wade),Event,https://services.rcsed.ac.uk/events-courses/event-entry?courseDefId=398
RCSEd,Surgical CPD Payments,Event,https://services.rcsed.ac.uk/events-courses/event-entry?courseDefId=379
RCSEd,Surgical Skills Lab Session,Course/Workshop,https://services.rcsed.ac.uk/events-courses/event-entry?courseDefId=311
RCSEd,Teams Based Quality Review for Clinical Practice (TBQR),Webinar,https://services.rcsed.ac.uk/events-courses/event-entry?courseDefId=682
RCSEd,The 10th Oxford Surgical Skills Symposium,Conference,https://services.rcsed.ac.uk/events-courses/event-entry?diaryId=3840
RCSEd,The 10th Surgical Approaches to the Spine,Event,https://services.rcsed.ac.uk/events-courses/event-entry?courseDefId=1034
RCSEd,The Edinburgh Hand Course,Course/Workshop,https://services.rcsed.ac.uk/events-courses/event-entry?diaryId=3813
RCSEd,The Edinburgh Head and Neck Course - Module I (Resectional Tactics in Head and Neck Surgery),Course/Workshop,https://services.rcsed.ac.uk/events-courses/event-entry?diaryId=3791
RCSEd,The Edinburgh Head and Neck Course - Module II (Head and Neck Reconstruction),Course/Workshop,https://services.rcsed.ac.uk/events-courses/event-entry?diaryId=3795
RCSEd,The Edinburgh MRCS OSCE Preparation Course (Edinburgh),Course/Workshop,https://services.rcsed.ac.uk/events-courses/event-entry?diaryId=3796
RCSEd,The Edinburgh School of Surgery Undergraduate Student and Foundation Years Research Symposium 2025,Conference,https://services.rcsed.ac.uk/events-courses/event-entry?diaryId=3820
RCSEd,The Faculty of Surgical Trainers Annual Conference - 'Enhancing Training Effectiveness through Evidence-Based Practices',Conference,https://services.rcsed.ac.uk/events-courses/event-entry?courseDefId=950
RCSEd,The International Edinburgh MRCS OSCE Preparation Course,Course/Workshop,https://services.rcsed.ac.uk/events-courses/event-entry?courseDefId=1241
RCSEd,The Oxford Surgical Assistant Course,Course/Workshop,https://services.rcsed.ac.uk/events-courses/event-entry?courseDefId=1160
RCSEd,The RCSEd Forum: The Future of the NHS,Conference,https://services.rcsed.ac.uk/events-courses/event-entry?courseDefId=901
RCSEd,Training in the NHS: What does it take?,Course/Workshop,https://services.rcsed.ac.uk/events-courses/event-entry?courseDefId=791
RCSEd,Training the Trainers: Trainer Development Course (Birmingham),Course/Workshop,https://services.rcsed.ac.uk/events-courses/event-entry?courseDefId=1040
RCSEd,Training the Trainers: Trainer Development Course (Edinburgh),Course/Workshop,https://services.rcsed.ac.uk/events-courses/event-entry?diaryId=3821
RCSEd,True Cut: Making Sense of Mistakes,Event,https://services.rcsed.ac.uk/events-courses/event-entry?diaryId=3823
RCSEd,UK Induction for International Doctors,Event,https://services.rcsed.ac.uk/events-courses/event-entry?courseDefId=1236
RCSEd,UK Induction for International Doctors - Non IPD,Event,https://services.rcsed.ac.uk/events-courses/event-entry?diaryId=3760
RCSEd,Ultrasound Venous and Arterial scanning course (UVAS),Course/Workshop,https://services.rcsed.ac.uk/events-courses/event-entry?diaryId=3775
RCSEd,Vikings Surgeons Association â€“ Annual Meeting: â€˜The Next Voyageâ€™,Conference,https://services.rcsed.ac.uk/events-courses/event-entry?diaryId=3827
RCSEd,Vikings Surgeons Association â€“ Ceilidh & Evening Meal,Event,https://services.rcsed.ac.uk/events-courses/event-entry?courseDefId=1248
RCSEd,Wellbeing Week,Event,https://services.rcsed.ac.uk/events-courses/event-entry?courseDefId=1249
RCSEd,West Midlands Surgical Society Conference 2025,Conference,https://services.rcsed.ac.uk/events-courses/event-entry?courseDefId=582
RCSEd,Younger Fellows Residential Meeting Belfast,Conference,https://services.rcsed.ac.uk/events-courses/event-entry?courseDefId=1138
RCSEd,Younger Fellows' Meeting Edinburgh - 'Connectivity and Collaboration',Conference,https://services.rcsed.ac.uk/events-courses/event-entry?courseDefId=1036
RCSI Dublin,Advanced Trauma Life Support (Provider) Cork - The Advanced Trauma Life Support (ATLS) Provider course was developed by clinicians and educators to teach the principles of initial management of major trauma. - 2 days - In person - 28 May 2026 - 29 CPD - CPD,Course/Workshop,https://www.rcsi.com/online/find-a-course/cpd/a/d/advanced-trauma-life-support-provider-05-cork
RCSI Dublin,Advanced Trauma Life Support (Provider) Dublin - The Advanced Trauma Life Support (ATLS) Provider course was developed by clinicians and educators to teach the principles of initial management of major trauma. - 2 days - In person - 14/15 May 2026 - 29 CPD - CPD,Course/Workshop,https://www.rcsi.com/online/find-a-course/cpd/a/d/advanced-trauma-life-support-provider-05-dublin
RCSI Dublin,Advanced Trauma Life Support (Provider) Kilkenny - The Advanced Trauma Life Support (ATLS) Provider course was developed by clinicians and educators to teach the principles of initial management of major trauma. - 2 days - In person - 14/15 May 2026 - 29 CPD - CPD,Course/Workshop,https://www.rcsi.com/online/find-a-course/cpd/a/d/advanced-trauma-life-support-provider-05-kilkenny
RCSI Dublin,Advanced Trauma Life Support (Provider) Sligo - The Advanced Trauma Life Support (ATLS) Provider course was developed by clinicians and educators to teach the principles of initial management of major trauma. - 2 days - In person - 26 March 2026 - 29 CPD - CPD,Course/Workshop,https://www.rcsi.com/online/find-a-course/cpd/a/d/advanced-trauma-life-support-provider-03-sligo
RCSI Dublin,"Basic Surgical Skills (Dublin) - This course has been designed to introduce NCHDs who are interested in a career in surgery to safe surgical practice within a controlled workshop environment. It aims to teach, assess and certify the ability to use safe surgical techniques that are common to all forms of surgery. - 2 days - In person - 17 December 2025 - 14 CPD - CPD",Course/Workshop,https://www.rcsi.com/online/find-a-course/cpd/b/a/basic-surgical-skills-12-dublin
RCSI Dublin,"Basic Surgical Skills (Dublin) - This course has been designed to introduce NCHDs who are interested in a career in surgery to safe surgical practice within a controlled workshop environment. It aims to teach, assess and certify the ability to use safe surgical techniques that are common to all forms of surgery. - 2 days - In person - 26 May 2026 - 14 CPD - CPD",Course/Workshop,https://www.rcsi.com/online/find-a-course/cpd/b/a/basic-surgical-skills-05-dublin
RCSI Dublin,"Care of the Critically Ill Surgical Patient (Dublin) - This informative and interactive course combines a variety of teaching and learning techniques to advance the practical, theoretical and personal skills necessary for the care of critically ill surgical patients. - 2 days - In person - 26 March 2026 - 15.5 CPD - CPD",Course/Workshop,https://www.rcsi.com/online/find-a-course/cpd/c/a/care-of-the-critically-ill-surgical-patient-03-dublin
RCSI Dublin,"Consultant Masterclass: Advanced Train the Trainer - This advanced course will provide participants with the skills to deliver effective feedback in the clinical environment. - 1 day - In person - 5 March 2026, 10am - 6 CPD - CPD",Course/Workshop,https://www.rcsi.com/online/find-a-course/cpd/a/d/consultant-masterclass-advanced-train-the-trainer
RCSI Dublin,"Consultant Masterclass: Supporting Trainees in Difficulty - Participants will gain a comprehensive understanding of the supports and resources available to both trainers and trainees, and will have the opportunity to develop and refine the skills needed to navigate sensitive interactions. - 1 day - In person - 26 May 2026, 10am - 6 CPD - CPD",Course/Workshop,https://www.rcsi.com/online/find-a-course/cpd/t/r/consultant-masterclass-supporting-trainees-in-difficulty
RSM London,Christmas carol concert 2025,Event/Other,https://www.rsm.ac.uk/events/club/2025-26/xcu01/
RSM London,Glomerular Diseases 2026,Event/Other,https://www.rsm.ac.uk/events/nephrology/2025-26/neu02/
RSM London,"MSK Examination Masterclass: Beyond Look, Move, Feel",Course/Workshop,https://www.rsm.ac.uk/events/sport-and-exercise-medicine/2025-26/spu01/
RSM London,Paediatrics for the generalist 2026 and the Tim David and President’s Prizes,Event/Other,https://www.rsm.ac.uk/events/paediatrics-and-child-health/2025-26/pdu12/
RSM London,RSM Urology ST3 Mock Interview Course,Course/Workshop,https://www.rsm.ac.uk/events/urology/2025-26/uru08/
RSM London,RSM Winter Meeting “Urology Updates”,Conference,https://www.rsm.ac.uk/events/urology/2025-26/uru04/
RSM London,Squint Forum 2025,Conference,https://www.rsm.ac.uk/events/ophthalmology/2025-26/opu03/
SBNS Neuro,"10th Annual Meeting of the British Radiosurgery Society, 29th-30th January 2026",Conference,https://www.sbns.org.uk/event-calendar/10th-annual-meeting-of-the-british-radiosurgery-society-29th-30th-january-2026.html
SBNS Neuro,4th Bristol Comprehensive Advanced Skull Base Dissection Course,Course/Workshop,https://www.sbns.org.uk/event-calendar/4th-bristol-comprehensive-advanced-skull-base-dissection-course.html
SBNS Neuro,6th World AVM Congress & SNVIS Annual Scientific Meeting 2026,Conference,https://www.sbns.org.uk/event-calendar/6th-world-avm-congress-snvis-annual-scientific-meeting-2026.html
SBNS Neuro,Brain Tumour North West Meeting,Conference,https://www.sbns.org.uk/event-calendar/brain-tumour-north-west-meeting.html
SBNS Neuro,British Neurosurgical Research Group Meeting (BNRG),Conference,https://www.sbns.org.uk/event-calendar/british-neurosurgical-research-group-meeting-bnrg.html
SBNS Neuro,British Skull Base Society Meeting,Conference,https://www.sbns.org.uk/event-calendar/british-skull-base-society-meeting.html
SBNS Neuro,The British Neurovascular Group Meeting 2026,Conference,https://www.sbns.org.uk/event-calendar/the-british-neurovascular-group-meeting-2026.html
SBNS Neuro,iCSD2025,Event/Other,https://www.sbns.org.uk/event-calendar/icsd2025.html
,,Event,https://services.rcsed.ac.uk/events-courses/event-entry?courseDefId=976